pose_id,pose_name,pose_family,stl_file,bone_coordinates_csv,mask_file,mask_shape,mask_dtype,mask_nonzero_voxels,stl_size_bytes,mask_size_bytes
1,pose_arm_90.0deg_5.0inward,both_arm_or_forearm_sweep,poses/1.stl,poses/1.csv,numpy_masks_poses/1_mask.npy,63x184x85,float32,165304,4082334,3941408
2,pose_arm_87.8deg_3.9inward,both_arm_or_forearm_sweep,poses/2.stl,poses/2.csv,numpy_masks_poses/2_mask.npy,63x184x85,float32,155205,4082334,3941408
3,pose_arm_85.6deg_2.8inward,both_arm_or_forearm_sweep,poses/3.stl,poses/3.csv,numpy_masks_poses/3_mask.npy,63x184x85,float32,145413,4082334,3941408
4,pose_arm_83.3deg_1.7inward,both_arm_or_forearm_sweep,poses/4.stl,poses/4.csv,numpy_masks_poses/4_mask.npy,63x184x85,float32,136664,4082334,3941408
5,pose_arm_81.1deg_0.6inward,both_arm_or_forearm_sweep,poses/5.stl,poses/5.csv,numpy_masks_poses/5_mask.npy,63x184x85,float32,130736,4082334,3941408
6,pose_arm_78.9deg_-0.6inward,both_arm_or_forearm_sweep,poses/6.stl,poses/6.csv,numpy_masks_poses/6_mask.npy,63x184x85,float32,122201,4082334,3941408
7,pose_arm_76.7deg_-1.7inward,both_arm_or_forearm_sweep,poses/7.stl,poses/7.csv,numpy_masks_poses/7_mask.npy,63x184x85,float32,118807,4082334,3941408
8,pose_arm_74.4deg_-2.8inward,both_arm_or_forearm_sweep,poses/8.stl,poses/8.csv,numpy_masks_poses/8_mask.npy,63x184x85,float32,112204,4082334,3941408
9,pose_arm_72.2deg_-3.9inward,both_arm_or_forearm_sweep,poses/9.stl,poses/9.csv,numpy_masks_poses/9_mask.npy,63x184x85,float32,106083,4082334,3941408
10,pose_arm_70.0deg_-5.0inward,both_arm_or_forearm_sweep,poses/10.stl,poses/10.csv,numpy_masks_poses/10_mask.npy,63x184x85,float32,103668,4082334,3941408
11,pose_arm_0.0deg,both_arm_or_forearm_sweep,poses/11.stl,poses/11.csv,numpy_masks_poses/11_mask.npy,63x184x85,float32,104543,4082334,3941408
12,pose_arm_3.3deg,both_arm_or_forearm_sweep,poses/12.stl,poses/12.csv,numpy_masks_poses/12_mask.npy,63x184x85,float32,104615,4082334,3941408
13,pose_arm_6.7deg,both_arm_or_forearm_sweep,poses/13.stl,poses/13.csv,numpy_masks_poses/13_mask.npy,63x184x85,float32,106157,4082334,3941408
14,pose_arm_10.0deg,both_arm_or_forearm_sweep,poses/14.stl,poses/14.csv,numpy_masks_poses/14_mask.npy,63x184x85,float32,106262,4082334,3941408
15,pose_arm_13.3deg,both_arm_or_forearm_sweep,poses/15.stl,poses/15.csv,numpy_masks_poses/15_mask.npy,63x184x85,float32,107455,4082334,3941408
16,pose_arm_16.7deg,both_arm_or_forearm_sweep,poses/16.stl,poses/16.csv,numpy_masks_poses/16_mask.npy,63x184x85,float32,109170,4082334,3941408
17,pose_arm_20.0deg,both_arm_or_forearm_sweep,poses/17.stl,poses/17.csv,numpy_masks_poses/17_mask.npy,63x184x85,float32,109114,4082334,3941408
18,pose_arm_23.3deg,both_arm_or_forearm_sweep,poses/18.stl,poses/18.csv,numpy_masks_poses/18_mask.npy,63x184x85,float32,110458,4082334,3941408
19,pose_arm_26.7deg,both_arm_or_forearm_sweep,poses/19.stl,poses/19.csv,numpy_masks_poses/19_mask.npy,63x184x85,float32,111925,4082334,3941408
20,pose_arm_30.0deg,both_arm_or_forearm_sweep,poses/20.stl,poses/20.csv,numpy_masks_poses/20_mask.npy,63x184x85,float32,111897,4082334,3941408
21,pose_arm_0.0deg,both_arm_or_forearm_sweep,poses/21.stl,poses/21.csv,numpy_masks_poses/21_mask.npy,63x184x85,float32,100853,4082334,3941408
22,pose_arm_3.3deg,both_arm_or_forearm_sweep,poses/22.stl,poses/22.csv,numpy_masks_poses/22_mask.npy,63x184x85,float32,102607,4082334,3941408
23,pose_arm_6.7deg,both_arm_or_forearm_sweep,poses/23.stl,poses/23.csv,numpy_masks_poses/23_mask.npy,63x184x85,float32,102732,4082334,3941408
24,pose_arm_10.0deg,both_arm_or_forearm_sweep,poses/24.stl,poses/24.csv,numpy_masks_poses/24_mask.npy,63x184x85,float32,102778,4082334,3941408
25,pose_arm_13.3deg,both_arm_or_forearm_sweep,poses/25.stl,poses/25.csv,numpy_masks_poses/25_mask.npy,63x184x85,float32,104691,4082334,3941408
26,pose_arm_16.7deg,both_arm_or_forearm_sweep,poses/26.stl,poses/26.csv,numpy_masks_poses/26_mask.npy,63x184x85,float32,104675,4082334,3941408
27,pose_arm_20.0deg,both_arm_or_forearm_sweep,poses/27.stl,poses/27.csv,numpy_masks_poses/27_mask.npy,63x184x85,float32,106054,4082334,3941408
28,pose_arm_23.3deg,both_arm_or_forearm_sweep,poses/28.stl,poses/28.csv,numpy_masks_poses/28_mask.npy,63x184x85,float32,107225,4082334,3941408
29,pose_arm_26.7deg,both_arm_or_forearm_sweep,poses/29.stl,poses/29.csv,numpy_masks_poses/29_mask.npy,63x184x85,float32,107176,4082334,3941408
30,pose_arm_30.0deg,both_arm_or_forearm_sweep,poses/30.stl,poses/30.csv,numpy_masks_poses/30_mask.npy,63x184x85,float32,108855,4082334,3941408
31,pose_arm_0.0deg,both_arm_or_forearm_sweep,poses/31.stl,poses/31.csv,numpy_masks_poses/31_mask.npy,63x184x85,float32,100895,4082334,3941408
32,pose_arm_2.8deg,both_arm_or_forearm_sweep,poses/32.stl,poses/32.csv,numpy_masks_poses/32_mask.npy,63x184x85,float32,100937,4082334,3941408
33,pose_arm_5.6deg,both_arm_or_forearm_sweep,poses/33.stl,poses/33.csv,numpy_masks_poses/33_mask.npy,63x184x85,float32,101046,4082334,3941408
34,pose_arm_8.3deg,both_arm_or_forearm_sweep,poses/34.stl,poses/34.csv,numpy_masks_poses/34_mask.npy,63x184x85,float32,102584,4082334,3941408
35,pose_arm_11.1deg,both_arm_or_forearm_sweep,poses/35.stl,poses/35.csv,numpy_masks_poses/35_mask.npy,63x184x85,float32,102552,4082334,3941408
36,pose_arm_13.9deg,both_arm_or_forearm_sweep,poses/36.stl,poses/36.csv,numpy_masks_poses/36_mask.npy,63x184x85,float32,102517,4082334,3941408
37,pose_arm_16.7deg,both_arm_or_forearm_sweep,poses/37.stl,poses/37.csv,numpy_masks_poses/37_mask.npy,63x184x85,float32,104498,4082334,3941408
38,pose_arm_19.4deg,both_arm_or_forearm_sweep,poses/38.stl,poses/38.csv,numpy_masks_poses/38_mask.npy,63x184x85,float32,104486,4082334,3941408
39,pose_arm_22.2deg,both_arm_or_forearm_sweep,poses/39.stl,poses/39.csv,numpy_masks_poses/39_mask.npy,63x184x85,float32,105847,4082334,3941408
40,pose_arm_25.0deg,both_arm_or_forearm_sweep,poses/40.stl,poses/40.csv,numpy_masks_poses/40_mask.npy,63x184x85,float32,105835,4082334,3941408
41,pose_arm_0.0deg,both_arm_or_forearm_sweep,poses/41.stl,poses/41.csv,numpy_masks_poses/41_mask.npy,63x184x85,float32,102333,4082334,3941408
42,pose_arm_2.8deg,both_arm_or_forearm_sweep,poses/42.stl,poses/42.csv,numpy_masks_poses/42_mask.npy,63x184x85,float32,102412,4082334,3941408
43,pose_arm_5.6deg,both_arm_or_forearm_sweep,poses/43.stl,poses/43.csv,numpy_masks_poses/43_mask.npy,63x184x85,float32,102438,4082334,3941408
44,pose_arm_8.3deg,both_arm_or_forearm_sweep,poses/44.stl,poses/44.csv,numpy_masks_poses/44_mask.npy,63x184x85,float32,102418,4082334,3941408
45,pose_arm_11.1deg,both_arm_or_forearm_sweep,poses/45.stl,poses/45.csv,numpy_masks_poses/45_mask.npy,63x184x85,float32,102340,4082334,3941408
46,pose_arm_13.9deg,both_arm_or_forearm_sweep,poses/46.stl,poses/46.csv,numpy_masks_poses/46_mask.npy,63x184x85,float32,104346,4082334,3941408
47,pose_arm_16.7deg,both_arm_or_forearm_sweep,poses/47.stl,poses/47.csv,numpy_masks_poses/47_mask.npy,63x184x85,float32,104329,4082334,3941408
48,pose_arm_19.4deg,both_arm_or_forearm_sweep,poses/48.stl,poses/48.csv,numpy_masks_poses/48_mask.npy,63x184x85,float32,105701,4082334,3941408
49,pose_arm_22.2deg,both_arm_or_forearm_sweep,poses/49.stl,poses/49.csv,numpy_masks_poses/49_mask.npy,63x184x85,float32,105660,4082334,3941408
50,pose_arm_25.0deg,both_arm_or_forearm_sweep,poses/50.stl,poses/50.csv,numpy_masks_poses/50_mask.npy,63x184x85,float32,106784,4082334,3941408
51,pose_right_arm_65.0deg,right_arm_only,poses/51.stl,poses/51.csv,numpy_masks_poses/51_mask.npy,63x184x85,float32,95057,4082334,3941408
52,pose_left_arm_65.0deg,left_arm_only,poses/52.stl,poses/52.csv,numpy_masks_poses/52_mask.npy,63x184x85,float32,90658,4082334,3941408
53,pose_two_arms_65.0deg,two_arms,poses/53.stl,poses/53.csv,numpy_masks_poses/53_mask.npy,63x184x85,float32,103562,4082334,3941408
54,pose_right_arm_67.2deg,right_arm_only,poses/54.stl,poses/54.csv,numpy_masks_poses/54_mask.npy,63x184x85,float32,92061,4082334,3941408
55,pose_left_arm_67.2deg,left_arm_only,poses/55.stl,poses/55.csv,numpy_masks_poses/55_mask.npy,63x184x85,float32,87966,4082334,3941408
56,pose_two_arms_67.2deg,two_arms,poses/56.stl,poses/56.csv,numpy_masks_poses/56_mask.npy,63x184x85,float32,102325,4082334,3941408
57,pose_right_arm_69.4deg,right_arm_only,poses/57.stl,poses/57.csv,numpy_masks_poses/57_mask.npy,63x184x85,float32,90980,4082334,3941408
58,pose_left_arm_69.4deg,left_arm_only,poses/58.stl,poses/58.csv,numpy_masks_poses/58_mask.npy,63x184x85,float32,86676,4082334,3941408
59,pose_two_arms_69.4deg,two_arms,poses/59.stl,poses/59.csv,numpy_masks_poses/59_mask.npy,63x184x85,float32,100602,4082334,3941408
60,pose_right_arm_71.7deg,right_arm_only,poses/60.stl,poses/60.csv,numpy_masks_poses/60_mask.npy,63x184x85,float32,90868,4082334,3941408
61,pose_left_arm_71.7deg,left_arm_only,poses/61.stl,poses/61.csv,numpy_masks_poses/61_mask.npy,63x184x85,float32,86669,4082334,3941408
62,pose_two_arms_71.7deg,two_arms,poses/62.stl,poses/62.csv,numpy_masks_poses/62_mask.npy,63x184x85,float32,99630,4082334,3941408
63,pose_right_arm_73.9deg,right_arm_only,poses/63.stl,poses/63.csv,numpy_masks_poses/63_mask.npy,63x184x85,float32,90855,4082334,3941408
64,pose_left_arm_73.9deg,left_arm_only,poses/64.stl,poses/64.csv,numpy_masks_poses/64_mask.npy,63x184x85,float32,86659,4082334,3941408
65,pose_two_arms_73.9deg,two_arms,poses/65.stl,poses/65.csv,numpy_masks_poses/65_mask.npy,63x184x85,float32,99440,4082334,3941408
66,pose_right_arm_76.1deg,right_arm_only,poses/66.stl,poses/66.csv,numpy_masks_poses/66_mask.npy,63x184x85,float32,90791,4082334,3941408
67,pose_left_arm_76.1deg,left_arm_only,poses/67.stl,poses/67.csv,numpy_masks_poses/67_mask.npy,63x184x85,float32,86544,4082334,3941408
68,pose_two_arms_76.1deg,two_arms,poses/68.stl,poses/68.csv,numpy_masks_poses/68_mask.npy,63x184x85,float32,99411,4082334,3941408
69,pose_right_arm_78.3deg,right_arm_only,poses/69.stl,poses/69.csv,numpy_masks_poses/69_mask.npy,63x184x85,float32,90821,4082334,3941408
70,pose_left_arm_78.3deg,left_arm_only,poses/70.stl,poses/70.csv,numpy_masks_poses/70_mask.npy,63x184x85,float32,86501,4082334,3941408
71,pose_two_arms_78.3deg,two_arms,poses/71.stl,poses/71.csv,numpy_masks_poses/71_mask.npy,63x184x85,float32,101354,4082334,3941408
72,pose_right_arm_80.6deg,right_arm_only,poses/72.stl,poses/72.csv,numpy_masks_poses/72_mask.npy,63x184x85,float32,92924,4082334,3941408
73,pose_left_arm_80.6deg,left_arm_only,poses/73.stl,poses/73.csv,numpy_masks_poses/73_mask.npy,63x184x85,float32,85848,4082334,3941408
74,pose_two_arms_80.6deg,two_arms,poses/74.stl,poses/74.csv,numpy_masks_poses/74_mask.npy,63x184x85,float32,101104,4082334,3941408
75,pose_right_arm_82.8deg,right_arm_only,poses/75.stl,poses/75.csv,numpy_masks_poses/75_mask.npy,63x184x85,float32,93027,4082334,3941408
76,pose_left_arm_82.8deg,left_arm_only,poses/76.stl,poses/76.csv,numpy_masks_poses/76_mask.npy,63x184x85,float32,83025,4082334,3941408
77,pose_two_arms_82.8deg,two_arms,poses/77.stl,poses/77.csv,numpy_masks_poses/77_mask.npy,63x184x85,float32,101083,4082334,3941408
78,pose_right_arm_85.0deg,right_arm_only,poses/78.stl,poses/78.csv,numpy_masks_poses/78_mask.npy,63x184x85,float32,92379,4082334,3941408
79,pose_left_arm_85.0deg,left_arm_only,poses/79.stl,poses/79.csv,numpy_masks_poses/79_mask.npy,63x184x85,float32,83123,4082334,3941408
80,pose_two_arms_85.0deg,two_arms,poses/80.stl,poses/80.csv,numpy_masks_poses/80_mask.npy,63x184x85,float32,100744,4082334,3941408
81,pose_arm_0.0deg,both_arm_or_forearm_sweep,poses/81.stl,poses/81.csv,numpy_masks_poses/81_mask.npy,63x184x85,float32,125830,4082334,3941408
82,pose_arm_3.3deg,both_arm_or_forearm_sweep,poses/82.stl,poses/82.csv,numpy_masks_poses/82_mask.npy,63x184x85,float32,127816,4082334,3941408
83,pose_arm_6.7deg,both_arm_or_forearm_sweep,poses/83.stl,poses/83.csv,numpy_masks_poses/83_mask.npy,63x184x85,float32,127993,4082334,3941408
84,pose_arm_10.0deg,both_arm_or_forearm_sweep,poses/84.stl,poses/84.csv,numpy_masks_poses/84_mask.npy,63x184x85,float32,129126,4082334,3941408
85,pose_arm_13.3deg,both_arm_or_forearm_sweep,poses/85.stl,poses/85.csv,numpy_masks_poses/85_mask.npy,63x184x85,float32,129188,4082334,3941408
86,pose_arm_16.7deg,both_arm_or_forearm_sweep,poses/86.stl,poses/86.csv,numpy_masks_poses/86_mask.npy,63x184x85,float32,131910,4082334,3941408
87,pose_arm_20.0deg,both_arm_or_forearm_sweep,poses/87.stl,poses/87.csv,numpy_masks_poses/87_mask.npy,63x184x85,float32,134422,4082334,3941408
88,pose_arm_23.3deg,both_arm_or_forearm_sweep,poses/88.stl,poses/88.csv,numpy_masks_poses/88_mask.npy,63x184x85,float32,138319,4082334,3941408
89,pose_arm_26.7deg,both_arm_or_forearm_sweep,poses/89.stl,poses/89.csv,numpy_masks_poses/89_mask.npy,63x184x85,float32,140319,4082334,3941408
90,pose_arm_30.0deg,both_arm_or_forearm_sweep,poses/90.stl,poses/90.csv,numpy_masks_poses/90_mask.npy,63x184x85,float32,142537,4082334,3941408
91,pose_arm_0.0deg,both_arm_or_forearm_sweep,poses/91.stl,poses/91.csv,numpy_masks_poses/91_mask.npy,63x184x85,float32,115721,4082334,3941408
92,pose_arm_2.2deg,both_arm_or_forearm_sweep,poses/92.stl,poses/92.csv,numpy_masks_poses/92_mask.npy,63x184x85,float32,115660,4082334,3941408
93,pose_arm_4.4deg,both_arm_or_forearm_sweep,poses/93.stl,poses/93.csv,numpy_masks_poses/93_mask.npy,63x184x85,float32,115628,4082334,3941408
94,pose_arm_6.7deg,both_arm_or_forearm_sweep,poses/94.stl,poses/94.csv,numpy_masks_poses/94_mask.npy,63x184x85,float32,115649,4082334,3941408
95,pose_arm_8.9deg,both_arm_or_forearm_sweep,poses/95.stl,poses/95.csv,numpy_masks_poses/95_mask.npy,63x184x85,float32,117339,4082334,3941408
96,pose_arm_11.1deg,both_arm_or_forearm_sweep,poses/96.stl,poses/96.csv,numpy_masks_poses/96_mask.npy,63x184x85,float32,120386,4082334,3941408
97,pose_arm_13.3deg,both_arm_or_forearm_sweep,poses/97.stl,poses/97.csv,numpy_masks_poses/97_mask.npy,63x184x85,float32,120333,4082334,3941408
98,pose_arm_15.6deg,both_arm_or_forearm_sweep,poses/98.stl,poses/98.csv,numpy_masks_poses/98_mask.npy,63x184x85,float32,120168,4082334,3941408
99,pose_arm_17.8deg,both_arm_or_forearm_sweep,poses/99.stl,poses/99.csv,numpy_masks_poses/99_mask.npy,63x184x85,float32,120011,4082334,3941408
100,pose_arm_20.0deg,both_arm_or_forearm_sweep,poses/100.stl,poses/100.csv,numpy_masks_poses/100_mask.npy,63x184x85,float32,119888,4082334,3941408
101,pose_arm_0.0deg,both_arm_or_forearm_sweep,poses/101.stl,poses/101.csv,numpy_masks_poses/101_mask.npy,63x184x85,float32,108959,4082334,3941408
102,pose_arm_2.2deg,both_arm_or_forearm_sweep,poses/102.stl,poses/102.csv,numpy_masks_poses/102_mask.npy,63x184x85,float32,108895,4082334,3941408
103,pose_arm_4.4deg,both_arm_or_forearm_sweep,poses/103.stl,poses/103.csv,numpy_masks_poses/103_mask.npy,63x184x85,float32,110402,4082334,3941408
104,pose_arm_6.7deg,both_arm_or_forearm_sweep,poses/104.stl,poses/104.csv,numpy_masks_poses/104_mask.npy,63x184x85,float32,110452,4082334,3941408
105,pose_arm_8.9deg,both_arm_or_forearm_sweep,poses/105.stl,poses/105.csv,numpy_masks_poses/105_mask.npy,63x184x85,float32,110481,4082334,3941408
106,pose_arm_11.1deg,both_arm_or_forearm_sweep,poses/106.stl,poses/106.csv,numpy_masks_poses/106_mask.npy,63x184x85,float32,111998,4082334,3941408
107,pose_arm_13.3deg,both_arm_or_forearm_sweep,poses/107.stl,poses/107.csv,numpy_masks_poses/107_mask.npy,63x184x85,float32,112031,4082334,3941408
108,pose_arm_15.6deg,both_arm_or_forearm_sweep,poses/108.stl,poses/108.csv,numpy_masks_poses/108_mask.npy,63x184x85,float32,113284,4082334,3941408
109,pose_arm_17.8deg,both_arm_or_forearm_sweep,poses/109.stl,poses/109.csv,numpy_masks_poses/109_mask.npy,63x184x85,float32,113362,4082334,3941408
110,pose_arm_20.0deg,both_arm_or_forearm_sweep,poses/110.stl,poses/110.csv,numpy_masks_poses/110_mask.npy,63x184x85,float32,115140,4082334,3941408
111,pose_arm_0.0deg,both_arm_or_forearm_sweep,poses/111.stl,poses/111.csv,numpy_masks_poses/111_mask.npy,63x184x85,float32,100853,4082334,3941408
112,pose_arm_1.7deg,both_arm_or_forearm_sweep,poses/112.stl,poses/112.csv,numpy_masks_poses/112_mask.npy,63x184x85,float32,102433,4082334,3941408
113,pose_arm_3.3deg,both_arm_or_forearm_sweep,poses/113.stl,poses/113.csv,numpy_masks_poses/113_mask.npy,63x184x85,float32,102607,4082334,3941408
114,pose_arm_5.0deg,both_arm_or_forearm_sweep,poses/114.stl,poses/114.csv,numpy_masks_poses/114_mask.npy,63x184x85,float32,102646,4082334,3941408
115,pose_arm_6.7deg,both_arm_or_forearm_sweep,poses/115.stl,poses/115.csv,numpy_masks_poses/115_mask.npy,63x184x85,float32,102732,4082334,3941408
116,pose_arm_8.3deg,both_arm_or_forearm_sweep,poses/116.stl,poses/116.csv,numpy_masks_poses/116_mask.npy,63x184x85,float32,102719,4082334,3941408
117,pose_arm_10.0deg,both_arm_or_forearm_sweep,poses/117.stl,poses/117.csv,numpy_masks_poses/117_mask.npy,63x184x85,float32,102778,4082334,3941408
118,pose_arm_11.7deg,both_arm_or_forearm_sweep,poses/118.stl,poses/118.csv,numpy_masks_poses/118_mask.npy,63x184x85,float32,104766,4082334,3941408
119,pose_arm_13.3deg,both_arm_or_forearm_sweep,poses/119.stl,poses/119.csv,numpy_masks_poses/119_mask.npy,63x184x85,float32,104691,4082334,3941408
120,pose_arm_15.0deg,both_arm_or_forearm_sweep,poses/120.stl,poses/120.csv,numpy_masks_poses/120_mask.npy,63x184x85,float32,104695,4082334,3941408
